query_id,variant,bertscore_p,bertscore_r,bertscore_f1,model_name
Q001,V1,0.641209602355957,0.6640106439590454,0.6524109840393066,Gemma-2-2B-IT
Q001,V2,0.641209602355957,0.6640106439590454,0.6524109840393066,Gemma-2-2B-IT
Q001,V3,0.6566264629364014,0.6415491700172424,0.6490002870559692,Gemma-2-2B-IT
Q002,V1,0.710036039352417,0.697242021560669,0.7035808563232422,Gemma-2-2B-IT
Q002,V2,0.710036039352417,0.697242021560669,0.7035808563232422,Gemma-2-2B-IT
Q002,V3,0.6582726240158081,0.6646847724914551,0.6614631414413452,Gemma-2-2B-IT
Q003,V1,0.6462845802307129,0.7082136869430542,0.6758334040641785,Gemma-2-2B-IT
Q003,V2,0.6462845802307129,0.7082136869430542,0.6758334040641785,Gemma-2-2B-IT
Q003,V3,0.7352995276451111,0.6738663911819458,0.7032439112663269,Gemma-2-2B-IT
Q004,V1,0.5794563293457031,0.5159807205200195,0.5458794236183167,Gemma-2-2B-IT
Q004,V2,0.5794563293457031,0.5159807205200195,0.5458794236183167,Gemma-2-2B-IT
Q004,V3,0.6040565371513367,0.5809091329574585,0.5922567844390869,Gemma-2-2B-IT
Q005,V1,0.49486586451530457,0.5616769790649414,0.5261589884757996,Gemma-2-2B-IT
Q005,V2,0.49486586451530457,0.5616769790649414,0.5261589884757996,Gemma-2-2B-IT
Q005,V3,0.5627681612968445,0.5571861267089844,0.5599632263183594,Gemma-2-2B-IT
Q006,V1,0.6247408390045166,0.6170163154602051,0.6208545565605164,Gemma-2-2B-IT
Q006,V2,0.6247408390045166,0.6170163154602051,0.6208545565605164,Gemma-2-2B-IT
Q006,V3,0.6499961614608765,0.6323117017745972,0.6410319805145264,Gemma-2-2B-IT
Q007,V1,0.5995683670043945,0.6074216365814209,0.6034694314002991,Gemma-2-2B-IT
Q007,V2,0.5995683670043945,0.6074216365814209,0.6034694314002991,Gemma-2-2B-IT
Q007,V3,0.645485520362854,0.6248482465744019,0.6349992752075195,Gemma-2-2B-IT
Q008,V1,0.6190181970596313,0.6337310075759888,0.6262882351875305,Gemma-2-2B-IT
Q008,V2,0.6190181970596313,0.6337310075759888,0.6262882351875305,Gemma-2-2B-IT
Q008,V3,0.6164863705635071,0.6103351712226868,0.6133953332901001,Gemma-2-2B-IT
Q009,V1,0.5267160534858704,0.5765489339828491,0.5505070686340332,Gemma-2-2B-IT
Q009,V2,0.5044139623641968,0.5875922441482544,0.5428352355957031,Gemma-2-2B-IT
Q009,V3,0.5815231800079346,0.5635858774185181,0.5724140405654907,Gemma-2-2B-IT
Q010,V1,0.6065254211425781,0.5838786363601685,0.594986617565155,Gemma-2-2B-IT
Q010,V2,0.6131473779678345,0.5823785066604614,0.597366988658905,Gemma-2-2B-IT
Q010,V3,0.6204761266708374,0.5643295049667358,0.5910724997520447,Gemma-2-2B-IT
Q011,V1,0.6195095181465149,0.6864652037620544,0.6512709856033325,Gemma-2-2B-IT
Q011,V2,0.6195095181465149,0.6864652037620544,0.6512709856033325,Gemma-2-2B-IT
Q011,V3,0.6150814294815063,0.677726149559021,0.6448860168457031,Gemma-2-2B-IT
Q012,V1,0.5857406258583069,0.5998865365982056,0.5927291512489319,Gemma-2-2B-IT
Q012,V2,0.5857406258583069,0.5998865365982056,0.5927291512489319,Gemma-2-2B-IT
Q012,V3,0.6740192174911499,0.6423628330230713,0.657810389995575,Gemma-2-2B-IT
Q013,V1,0.6836917400360107,0.6090517640113831,0.6442170143127441,Gemma-2-2B-IT
Q013,V2,0.6836917400360107,0.6090517640113831,0.6442170143127441,Gemma-2-2B-IT
Q013,V3,0.7108729481697083,0.6040046215057373,0.6530959010124207,Gemma-2-2B-IT
Q014,V1,0.6359329223632812,0.6261870265007019,0.6310223340988159,Gemma-2-2B-IT
Q014,V2,0.6359329223632812,0.6261870265007019,0.6310223340988159,Gemma-2-2B-IT
Q014,V3,0.6667658090591431,0.6320663690567017,0.6489526033401489,Gemma-2-2B-IT
Q015,V1,0.6555554866790771,0.5994603633880615,0.6262543201446533,Gemma-2-2B-IT
Q015,V2,0.6555554866790771,0.5994603633880615,0.6262543201446533,Gemma-2-2B-IT
Q015,V3,0.6610485911369324,0.6036540865898132,0.6310490369796753,Gemma-2-2B-IT
Q016,V1,0.5234110355377197,0.587443470954895,0.5535817742347717,Gemma-2-2B-IT
Q016,V2,0.5234110355377197,0.587443470954895,0.5535817742347717,Gemma-2-2B-IT
Q016,V3,0.6054959297180176,0.591360330581665,0.598344624042511,Gemma-2-2B-IT
Q017,V1,0.5664119124412537,0.6242691278457642,0.5939348340034485,Gemma-2-2B-IT
Q017,V2,0.5664119124412537,0.6242691278457642,0.5939348340034485,Gemma-2-2B-IT
Q017,V3,0.5363396406173706,0.5815272331237793,0.5580201148986816,Gemma-2-2B-IT
Q018,V1,0.645622968673706,0.6817571520805359,0.6631981730461121,Gemma-2-2B-IT
Q018,V2,0.6422032117843628,0.6804930567741394,0.6607939600944519,Gemma-2-2B-IT
Q018,V3,0.6321486234664917,0.6543704271316528,0.6430675983428955,Gemma-2-2B-IT
Q019,V1,0.5743395686149597,0.6221325397491455,0.5972814559936523,Gemma-2-2B-IT
Q019,V2,0.5743395686149597,0.6221325397491455,0.5972814559936523,Gemma-2-2B-IT
Q019,V3,0.5732898712158203,0.620491623878479,0.5959575772285461,Gemma-2-2B-IT
Q020,V1,0.6222516298294067,0.6338815689086914,0.6280127167701721,Gemma-2-2B-IT
Q020,V2,0.6222516298294067,0.6338815689086914,0.6280127167701721,Gemma-2-2B-IT
Q020,V3,0.6742186546325684,0.6567476391792297,0.6653685569763184,Gemma-2-2B-IT
Q021,V1,0.6716852784156799,0.6628022789955139,0.6672142148017883,Gemma-2-2B-IT
Q021,V2,0.6716852784156799,0.6628022789955139,0.6672142148017883,Gemma-2-2B-IT
Q021,V3,0.674769401550293,0.672087550163269,0.6734257936477661,Gemma-2-2B-IT
Q022,V1,0.6307636499404907,0.6497071981430054,0.6400952935218811,Gemma-2-2B-IT
Q022,V2,0.6072262525558472,0.6039022207260132,0.6055596470832825,Gemma-2-2B-IT
Q022,V3,0.6204463243484497,0.5849463939666748,0.6021736264228821,Gemma-2-2B-IT
Q023,V1,0.6553551554679871,0.70171058177948,0.6777411699295044,Gemma-2-2B-IT
Q023,V2,0.6351618766784668,0.6970134377479553,0.6646518111228943,Gemma-2-2B-IT
Q023,V3,0.6157817244529724,0.675676167011261,0.6443400382995605,Gemma-2-2B-IT
Q024,V1,0.5617053508758545,0.5605676770210266,0.56113600730896,Gemma-2-2B-IT
Q024,V2,0.5617053508758545,0.5605676770210266,0.56113600730896,Gemma-2-2B-IT
Q024,V3,0.5104197263717651,0.5280141830444336,0.5190679430961609,Gemma-2-2B-IT
Q025,V1,0.6614198684692383,0.6170381307601929,0.6384586691856384,Gemma-2-2B-IT
Q025,V2,0.6344128847122192,0.6447111368179321,0.6395205855369568,Gemma-2-2B-IT
Q025,V3,0.5916240215301514,0.5844683647155762,0.5880244374275208,Gemma-2-2B-IT
Q026,V1,0.5656572580337524,0.5337302088737488,0.54923015832901,Gemma-2-2B-IT
Q026,V2,0.5656572580337524,0.5337302088737488,0.54923015832901,Gemma-2-2B-IT
Q026,V3,0.5560815334320068,0.5557305216789246,0.5559059381484985,Gemma-2-2B-IT
Q027,V1,0.5958896279335022,0.6042993068695068,0.6000649929046631,Gemma-2-2B-IT
Q027,V2,0.5648007392883301,0.597975492477417,0.5809148550033569,Gemma-2-2B-IT
Q027,V3,0.5972831845283508,0.5693740844726562,0.5829948782920837,Gemma-2-2B-IT
Q028,V1,0.6231871843338013,0.6621776819229126,0.6420910954475403,Gemma-2-2B-IT
Q028,V2,0.6231871843338013,0.6621776819229126,0.6420910954475403,Gemma-2-2B-IT
Q028,V3,0.4642288386821747,0.5998122692108154,0.523382306098938,Gemma-2-2B-IT
Q029,V1,0.5922994017601013,0.5937377214431763,0.5930177569389343,Gemma-2-2B-IT
Q029,V2,0.6829589009284973,0.6267991065979004,0.6536750197410583,Gemma-2-2B-IT
Q029,V3,0.5733534097671509,0.5778513550758362,0.5755935907363892,Gemma-2-2B-IT
Q030,V1,0.5156436562538147,0.5734254121780396,0.543001651763916,Gemma-2-2B-IT
Q030,V2,0.5156436562538147,0.5734254121780396,0.543001651763916,Gemma-2-2B-IT
Q030,V3,0.5099467039108276,0.5529252886772156,0.5305670499801636,Gemma-2-2B-IT
Q031,V1,0.6205084919929504,0.6242676377296448,0.622382402420044,Gemma-2-2B-IT
Q031,V2,0.6574243903160095,0.6551347970962524,0.656277596950531,Gemma-2-2B-IT
Q031,V3,0.5938877463340759,0.6159094572067261,0.6046981811523438,Gemma-2-2B-IT
Q032,V1,0.6227625608444214,0.6031216979026794,0.6127848029136658,Gemma-2-2B-IT
Q032,V2,0.6227625608444214,0.6031216979026794,0.6127848029136658,Gemma-2-2B-IT
Q032,V3,0.60662841796875,0.6040558815002441,0.6053394079208374,Gemma-2-2B-IT
Q033,V1,0.5410348773002625,0.6148183941841125,0.5755716562271118,Gemma-2-2B-IT
Q033,V2,0.5645449161529541,0.6265519857406616,0.5939344167709351,Gemma-2-2B-IT
Q033,V3,0.6313521862030029,0.6657894253730774,0.6481136679649353,Gemma-2-2B-IT
Q034,V1,0.5722782611846924,0.5874144434928894,0.5797474980354309,Gemma-2-2B-IT
Q034,V2,0.5722782611846924,0.5874144434928894,0.5797474980354309,Gemma-2-2B-IT
Q034,V3,0.6109668016433716,0.6003051996231079,0.6055890917778015,Gemma-2-2B-IT
Q035,V1,0.6714502573013306,0.6695812940597534,0.6705144643783569,Gemma-2-2B-IT
Q035,V2,0.6714502573013306,0.6695812940597534,0.6705144643783569,Gemma-2-2B-IT
Q035,V3,0.6616495251655579,0.6524546146392822,0.6570199728012085,Gemma-2-2B-IT
Q036,V1,0.6667642593383789,0.5984669923782349,0.6307722926139832,Gemma-2-2B-IT
Q036,V2,0.6667642593383789,0.5984669923782349,0.6307722926139832,Gemma-2-2B-IT
Q036,V3,0.6667642593383789,0.5984669923782349,0.6307722926139832,Gemma-2-2B-IT
Q037,V1,0.5901399850845337,0.5975919961929321,0.5938425660133362,Gemma-2-2B-IT
Q037,V2,0.5901399850845337,0.5975919961929321,0.5938425660133362,Gemma-2-2B-IT
Q037,V3,0.5358525514602661,0.5578217506408691,0.5466164946556091,Gemma-2-2B-IT
Q038,V1,0.5594751834869385,0.5840358138084412,0.5714917182922363,Gemma-2-2B-IT
Q038,V2,0.5594751834869385,0.5840358138084412,0.5714917182922363,Gemma-2-2B-IT
Q038,V3,0.5477257966995239,0.5757785439491272,0.5614019632339478,Gemma-2-2B-IT
Q039,V1,0.5623877048492432,0.5741167664527893,0.5681917667388916,Gemma-2-2B-IT
Q039,V2,0.5623877048492432,0.5741167664527893,0.5681917667388916,Gemma-2-2B-IT
Q039,V3,0.563395619392395,0.5758507251739502,0.5695551037788391,Gemma-2-2B-IT
Q040,V1,0.6061793565750122,0.6390360593795776,0.6221742033958435,Gemma-2-2B-IT
Q040,V2,0.6061793565750122,0.6390360593795776,0.6221742033958435,Gemma-2-2B-IT
Q040,V3,0.6423530578613281,0.6436105370521545,0.642981231212616,Gemma-2-2B-IT
Q041,V1,0.7252844572067261,0.6332367658615112,0.6761422753334045,Gemma-2-2B-IT
Q041,V2,0.7233050465583801,0.6860803365707397,0.7042011022567749,Gemma-2-2B-IT
Q041,V3,0.6992580890655518,0.6949489712715149,0.6970968842506409,Gemma-2-2B-IT
Q042,V1,0.6071078777313232,0.6557471752166748,0.6304908394813538,Gemma-2-2B-IT
Q042,V2,0.6071078777313232,0.6557471752166748,0.6304908394813538,Gemma-2-2B-IT
Q042,V3,0.5823084712028503,0.6172120571136475,0.5992524027824402,Gemma-2-2B-IT
Q043,V1,0.5595049858093262,0.6010802388191223,0.5795479416847229,Gemma-2-2B-IT
Q043,V2,0.5595049858093262,0.6010802388191223,0.5795479416847229,Gemma-2-2B-IT
Q043,V3,0.626753032207489,0.6730324625968933,0.6490688323974609,Gemma-2-2B-IT
Q044,V1,0.568848729133606,0.6009277105331421,0.5844483375549316,Gemma-2-2B-IT
Q044,V2,0.5575062036514282,0.5722340941429138,0.5647741556167603,Gemma-2-2B-IT
Q044,V3,0.5771511197090149,0.5734374523162842,0.5752882957458496,Gemma-2-2B-IT
Q045,V1,0.5932962894439697,0.6541739106178284,0.6222496628761292,Gemma-2-2B-IT
Q045,V2,0.5932962894439697,0.6541739106178284,0.6222496628761292,Gemma-2-2B-IT
Q045,V3,0.6063939332962036,0.62013840675354,0.613189160823822,Gemma-2-2B-IT
Q046,V1,0.6349387168884277,0.6682550311088562,0.6511709690093994,Gemma-2-2B-IT
Q046,V2,0.6349387168884277,0.6682550311088562,0.6511709690093994,Gemma-2-2B-IT
Q046,V3,0.6349387168884277,0.6682550311088562,0.6511709690093994,Gemma-2-2B-IT
Q047,V1,0.574479341506958,0.6078570485115051,0.5906971096992493,Gemma-2-2B-IT
Q047,V2,0.574479341506958,0.6078570485115051,0.5906971096992493,Gemma-2-2B-IT
Q047,V3,0.5556656122207642,0.6084495782852173,0.5808609127998352,Gemma-2-2B-IT
Q048,V1,0.5729342103004456,0.5999863147735596,0.5861483216285706,Gemma-2-2B-IT
Q048,V2,0.5729342103004456,0.5999863147735596,0.5861483216285706,Gemma-2-2B-IT
Q048,V3,0.5994105935096741,0.6241000890731812,0.6115061640739441,Gemma-2-2B-IT
Q049,V1,0.5730304718017578,0.5463439226150513,0.5593690872192383,Gemma-2-2B-IT
Q049,V2,0.5730304718017578,0.5463439226150513,0.5593690872192383,Gemma-2-2B-IT
Q049,V3,0.5693795680999756,0.5788916945457458,0.5740962028503418,Gemma-2-2B-IT
Q050,V1,0.5692049264907837,0.6642931699752808,0.6130839586257935,Gemma-2-2B-IT
Q050,V2,0.5692049264907837,0.6642931699752808,0.6130839586257935,Gemma-2-2B-IT
Q050,V3,0.6003490686416626,0.6159138083457947,0.6080318689346313,Gemma-2-2B-IT
Q051,V1,0.5944657325744629,0.6348519325256348,0.6139954328536987,Gemma-2-2B-IT
Q051,V2,0.5944657325744629,0.6348519325256348,0.6139954328536987,Gemma-2-2B-IT
Q051,V3,0.627015233039856,0.6674425601959229,0.6465975642204285,Gemma-2-2B-IT
Q052,V1,0.661488950252533,0.7036259174346924,0.6819071173667908,Gemma-2-2B-IT
Q052,V2,0.6273423433303833,0.7070705890655518,0.6648246645927429,Gemma-2-2B-IT
Q052,V3,0.5273318886756897,0.633991003036499,0.5757635235786438,Gemma-2-2B-IT
Q053,V1,0.6119870543479919,0.6363354921340942,0.6239238381385803,Gemma-2-2B-IT
Q053,V2,0.6119870543479919,0.6363354921340942,0.6239238381385803,Gemma-2-2B-IT
Q053,V3,0.49588626623153687,0.584979236125946,0.5367609262466431,Gemma-2-2B-IT
Q054,V1,0.5403537750244141,0.5658425092697144,0.5528044700622559,Gemma-2-2B-IT
Q054,V2,0.5403537750244141,0.5658425092697144,0.5528044700622559,Gemma-2-2B-IT
Q054,V3,0.5403537750244141,0.5658425092697144,0.5528044700622559,Gemma-2-2B-IT
Q055,V1,0.6229190826416016,0.5903156995773315,0.6061792969703674,Gemma-2-2B-IT
Q055,V2,0.6229190826416016,0.5903156995773315,0.6061792969703674,Gemma-2-2B-IT
Q055,V3,0.5419315099716187,0.5500690340995789,0.5459700226783752,Gemma-2-2B-IT
Q056,V1,0.5417265892028809,0.6072337031364441,0.5726127028465271,Gemma-2-2B-IT
Q056,V2,0.5417265892028809,0.6072337031364441,0.5726127028465271,Gemma-2-2B-IT
Q056,V3,0.5344207286834717,0.5541408061981201,0.544102132320404,Gemma-2-2B-IT
Q057,V1,0.5503348708152771,0.6279110312461853,0.5865691304206848,Gemma-2-2B-IT
Q057,V2,0.523160994052887,0.5995204448699951,0.558743953704834,Gemma-2-2B-IT
Q057,V3,0.5720207691192627,0.6342625617980957,0.6015359163284302,Gemma-2-2B-IT
Q058,V1,0.58254474401474,0.6375831961631775,0.6088226437568665,Gemma-2-2B-IT
Q058,V2,0.6321468353271484,0.6627984642982483,0.6471099257469177,Gemma-2-2B-IT
Q058,V3,0.5187339186668396,0.6083065867424011,0.5599607825279236,Gemma-2-2B-IT
Q059,V1,0.5964218378067017,0.5635430216789246,0.5795164704322815,Gemma-2-2B-IT
Q059,V2,0.5964218378067017,0.5635430216789246,0.5795164704322815,Gemma-2-2B-IT
Q059,V3,0.5387212038040161,0.5511354207992554,0.5448576211929321,Gemma-2-2B-IT
Q060,V1,0.6316386461257935,0.6351912021636963,0.6334099769592285,Gemma-2-2B-IT
Q060,V2,0.6098129749298096,0.640444278717041,0.6247534155845642,Gemma-2-2B-IT
Q060,V3,0.5714106559753418,0.643421471118927,0.6052817702293396,Gemma-2-2B-IT
Q061,V1,0.6356486082077026,0.6310380697250366,0.6333349347114563,Gemma-2-2B-IT
Q061,V2,0.6356486082077026,0.6310380697250366,0.6333349347114563,Gemma-2-2B-IT
Q061,V3,0.5504330992698669,0.5924919843673706,0.5706887245178223,Gemma-2-2B-IT
Q062,V1,0.5784838199615479,0.516142725944519,0.545538067817688,Gemma-2-2B-IT
Q062,V2,0.5784838199615479,0.516142725944519,0.545538067817688,Gemma-2-2B-IT
Q062,V3,0.7172019481658936,0.6772246956825256,0.6966403126716614,Gemma-2-2B-IT
Q063,V1,0.5812928080558777,0.691481351852417,0.6316173076629639,Gemma-2-2B-IT
Q063,V2,0.579113245010376,0.6886140704154968,0.6291345357894897,Gemma-2-2B-IT
Q063,V3,0.6676738858222961,0.6912508606910706,0.679257869720459,Gemma-2-2B-IT
Q064,V1,0.5633456707000732,0.633232831954956,0.5962483286857605,Gemma-2-2B-IT
Q064,V2,0.5633456707000732,0.633232831954956,0.5962483286857605,Gemma-2-2B-IT
Q064,V3,0.5582504272460938,0.6563560962677002,0.6033411622047424,Gemma-2-2B-IT
Q065,V1,0.5807594060897827,0.572454035282135,0.576576828956604,Gemma-2-2B-IT
Q065,V2,0.5372675657272339,0.5639892816543579,0.5503042340278625,Gemma-2-2B-IT
Q065,V3,0.6465640664100647,0.571724534034729,0.6068455576896667,Gemma-2-2B-IT
Q066,V1,0.5923888087272644,0.5751159191131592,0.583624541759491,Gemma-2-2B-IT
Q066,V2,0.5923888087272644,0.5751159191131592,0.583624541759491,Gemma-2-2B-IT
Q066,V3,0.5635570287704468,0.5776548385620117,0.5705188512802124,Gemma-2-2B-IT
Q067,V1,0.6469298005104065,0.664478063583374,0.6555865406990051,Gemma-2-2B-IT
Q067,V2,0.6469298005104065,0.664478063583374,0.6555865406990051,Gemma-2-2B-IT
Q067,V3,0.6463378667831421,0.663677453994751,0.6548929214477539,Gemma-2-2B-IT
Q068,V1,0.5899568796157837,0.6143936514854431,0.6019273996353149,Gemma-2-2B-IT
Q068,V2,0.5899568796157837,0.6143936514854431,0.6019273996353149,Gemma-2-2B-IT
Q068,V3,0.6170691847801208,0.6464137434959412,0.6314007043838501,Gemma-2-2B-IT
Q069,V1,0.6077213287353516,0.5988459587097168,0.6032509803771973,Gemma-2-2B-IT
Q069,V2,0.6077213287353516,0.5988459587097168,0.6032509803771973,Gemma-2-2B-IT
Q069,V3,0.5678021311759949,0.5650523900985718,0.5664239525794983,Gemma-2-2B-IT
Q070,V1,0.6724308729171753,0.7283710241317749,0.699284017086029,Gemma-2-2B-IT
Q070,V2,0.6724308729171753,0.7283710241317749,0.699284017086029,Gemma-2-2B-IT
Q070,V3,0.6957905888557434,0.7445195913314819,0.7193307876586914,Gemma-2-2B-IT
Q071,V1,0.5986310243606567,0.6696458458900452,0.6321502327919006,Gemma-2-2B-IT
Q071,V2,0.5986310243606567,0.6696458458900452,0.6321502327919006,Gemma-2-2B-IT
Q071,V3,0.674176812171936,0.7096823453903198,0.6914740800857544,Gemma-2-2B-IT
Q072,V1,0.6798146963119507,0.6782822012901306,0.6790476441383362,Gemma-2-2B-IT
Q072,V2,0.6798146963119507,0.6782822012901306,0.6790476441383362,Gemma-2-2B-IT
Q072,V3,0.6608011722564697,0.6539155840873718,0.6573403477668762,Gemma-2-2B-IT
Q073,V1,0.6197310090065002,0.6712267398834229,0.6444517970085144,Gemma-2-2B-IT
Q073,V2,0.6197310090065002,0.6712267398834229,0.6444517970085144,Gemma-2-2B-IT
Q073,V3,0.6134396195411682,0.6329342722892761,0.6230344772338867,Gemma-2-2B-IT
Q074,V1,0.599403977394104,0.5618085861206055,0.5799976587295532,Gemma-2-2B-IT
Q074,V2,0.599403977394104,0.5618085861206055,0.5799976587295532,Gemma-2-2B-IT
Q074,V3,0.5476839542388916,0.5793936252593994,0.5630927085876465,Gemma-2-2B-IT
Q075,V1,0.5669342279434204,0.630736231803894,0.5971358418464661,Gemma-2-2B-IT
Q075,V2,0.5907987356185913,0.6348079442977905,0.6120131611824036,Gemma-2-2B-IT
Q075,V3,0.6165523529052734,0.6425498723983765,0.6292827129364014,Gemma-2-2B-IT
Q076,V1,0.6426377296447754,0.6098421216011047,0.6258105635643005,Gemma-2-2B-IT
Q076,V2,0.6426377296447754,0.6098421216011047,0.6258105635643005,Gemma-2-2B-IT
Q076,V3,0.5153757929801941,0.5864330530166626,0.5486131310462952,Gemma-2-2B-IT
Q077,V1,0.6833333969116211,0.7166728973388672,0.69960618019104,Gemma-2-2B-IT
Q077,V2,0.6833333969116211,0.7166728973388672,0.69960618019104,Gemma-2-2B-IT
Q077,V3,0.6985992789268494,0.7360036373138428,0.7168138027191162,Gemma-2-2B-IT
Q078,V1,0.5848270058631897,0.6139705181121826,0.5990445613861084,Gemma-2-2B-IT
Q078,V2,0.5848270058631897,0.6139705181121826,0.5990445613861084,Gemma-2-2B-IT
Q078,V3,0.5817962884902954,0.5721960067749023,0.5769562125205994,Gemma-2-2B-IT
Q079,V1,0.6370660066604614,0.5702201128005981,0.6017924547195435,Gemma-2-2B-IT
Q079,V2,0.4884236454963684,0.5122054815292358,0.5000319480895996,Gemma-2-2B-IT
Q079,V3,0.5586386919021606,0.6055042743682861,0.5811281204223633,Gemma-2-2B-IT
Q080,V1,0.5885495543479919,0.6401025056838989,0.6132445335388184,Gemma-2-2B-IT
Q080,V2,0.5885495543479919,0.6401025056838989,0.6132445335388184,Gemma-2-2B-IT
Q080,V3,0.6021295785903931,0.641800045967102,0.6213322877883911,Gemma-2-2B-IT
Q081,V1,0.646358072757721,0.6862401962280273,0.6657024025917053,Gemma-2-2B-IT
Q081,V2,0.6235300302505493,0.6595196723937988,0.6410201191902161,Gemma-2-2B-IT
Q081,V3,0.6480516195297241,0.6734413504600525,0.6605026125907898,Gemma-2-2B-IT
Q082,V1,0.6183568239212036,0.6131106615066528,0.6157225370407104,Gemma-2-2B-IT
Q082,V2,0.6183568239212036,0.6131106615066528,0.6157225370407104,Gemma-2-2B-IT
Q082,V3,0.5492507219314575,0.6169261336326599,0.5811247825622559,Gemma-2-2B-IT
Q083,V1,0.6083702445030212,0.6650890111923218,0.6354665756225586,Gemma-2-2B-IT
Q083,V2,0.6648070812225342,0.6783367991447449,0.6715037822723389,Gemma-2-2B-IT
Q083,V3,0.6199758648872375,0.6471701860427856,0.6332811713218689,Gemma-2-2B-IT
Q084,V1,0.6035900115966797,0.5736132860183716,0.5882200002670288,Gemma-2-2B-IT
Q084,V2,0.6035900115966797,0.5736132860183716,0.5882200002670288,Gemma-2-2B-IT
Q084,V3,0.633240818977356,0.6165266633033752,0.6247719526290894,Gemma-2-2B-IT
Q085,V1,0.5917781591415405,0.6522495746612549,0.6205441355705261,Gemma-2-2B-IT
Q085,V2,0.6161046624183655,0.6440807580947876,0.6297821402549744,Gemma-2-2B-IT
Q085,V3,0.6499850749969482,0.6556394100189209,0.6528000235557556,Gemma-2-2B-IT
Q086,V1,0.5182503461837769,0.5455495715141296,0.5315497517585754,Gemma-2-2B-IT
Q086,V2,0.5820854902267456,0.6069872975349426,0.5942756533622742,Gemma-2-2B-IT
Q086,V3,0.5499922037124634,0.5781238079071045,0.5637072920799255,Gemma-2-2B-IT
Q087,V1,0.6750918626785278,0.6831372976303101,0.6790907382965088,Gemma-2-2B-IT
Q087,V2,0.6750918626785278,0.6831372976303101,0.6790907382965088,Gemma-2-2B-IT
Q087,V3,0.6541737914085388,0.6721200942993164,0.6630254983901978,Gemma-2-2B-IT
Q088,V1,0.5691308379173279,0.6057799458503723,0.5868837833404541,Gemma-2-2B-IT
Q088,V2,0.5691308379173279,0.6057799458503723,0.5868837833404541,Gemma-2-2B-IT
Q088,V3,0.5796699523925781,0.5891744494438171,0.584383487701416,Gemma-2-2B-IT
Q089,V1,0.605923056602478,0.593239426612854,0.5995141267776489,Gemma-2-2B-IT
Q089,V2,0.605923056602478,0.593239426612854,0.5995141267776489,Gemma-2-2B-IT
Q089,V3,0.583188533782959,0.5939483642578125,0.588519275188446,Gemma-2-2B-IT
Q090,V1,0.5805880427360535,0.6508674621582031,0.6137223243713379,Gemma-2-2B-IT
Q090,V2,0.5805880427360535,0.6508674621582031,0.6137223243713379,Gemma-2-2B-IT
Q090,V3,0.5554720163345337,0.5596981048583984,0.5575770735740662,Gemma-2-2B-IT
Q091,V1,0.6013623476028442,0.5557616949081421,0.5776634812355042,Gemma-2-2B-IT
Q091,V2,0.6013623476028442,0.5557616949081421,0.5776634812355042,Gemma-2-2B-IT
Q091,V3,0.5703579187393188,0.5346618890762329,0.5519333481788635,Gemma-2-2B-IT
Q092,V1,0.6729333400726318,0.6839144229888916,0.678379476070404,Gemma-2-2B-IT
Q092,V2,0.6729333400726318,0.6839144229888916,0.678379476070404,Gemma-2-2B-IT
Q092,V3,0.5557852983474731,0.6086316108703613,0.5810092091560364,Gemma-2-2B-IT
Q093,V1,0.6018561124801636,0.5878715515136719,0.5947816371917725,Gemma-2-2B-IT
Q093,V2,0.6018561124801636,0.5878715515136719,0.5947816371917725,Gemma-2-2B-IT
Q093,V3,0.6846427917480469,0.5776070356369019,0.6265867352485657,Gemma-2-2B-IT
Q094,V1,0.6298129558563232,0.6006718277931213,0.6148973107337952,Gemma-2-2B-IT
Q094,V2,0.6298129558563232,0.6006718277931213,0.6148973107337952,Gemma-2-2B-IT
Q094,V3,0.5756035447120667,0.6117031574249268,0.5931045413017273,Gemma-2-2B-IT
Q095,V1,0.6227554082870483,0.6504110097885132,0.6362828612327576,Gemma-2-2B-IT
Q095,V2,0.6227554082870483,0.6504110097885132,0.6362828612327576,Gemma-2-2B-IT
Q095,V3,0.6058663129806519,0.6407341957092285,0.6228126287460327,Gemma-2-2B-IT
Q096,V1,0.6103231906890869,0.6280559301376343,0.619062602519989,Gemma-2-2B-IT
Q096,V2,0.6103231906890869,0.6280559301376343,0.619062602519989,Gemma-2-2B-IT
Q096,V3,0.6110420227050781,0.613423228263855,0.6122303605079651,Gemma-2-2B-IT
Q097,V1,0.6603798866271973,0.6861646175384521,0.673025369644165,Gemma-2-2B-IT
Q097,V2,0.6603798866271973,0.6861646175384521,0.673025369644165,Gemma-2-2B-IT
Q097,V3,0.707953691482544,0.715573251247406,0.7117430567741394,Gemma-2-2B-IT
Q098,V1,0.5410041809082031,0.569332480430603,0.5548070073127747,Gemma-2-2B-IT
Q098,V2,0.5410041809082031,0.569332480430603,0.5548070073127747,Gemma-2-2B-IT
Q098,V3,0.5578974485397339,0.6063701510429382,0.5811247825622559,Gemma-2-2B-IT
Q099,V1,0.5154173374176025,0.5468730926513672,0.53067946434021,Gemma-2-2B-IT
Q099,V2,0.5154173374176025,0.5468730926513672,0.53067946434021,Gemma-2-2B-IT
Q099,V3,0.5716594457626343,0.5446385741233826,0.5578219890594482,Gemma-2-2B-IT
Q100,V1,0.6295857429504395,0.6306812763214111,0.6301330327987671,Gemma-2-2B-IT
Q100,V2,0.6295857429504395,0.6306812763214111,0.6301330327987671,Gemma-2-2B-IT
Q100,V3,0.5573019981384277,0.5772658586502075,0.5671082735061646,Gemma-2-2B-IT
Q001,QW_V1,0.5727887153625488,0.638521671295166,0.6038716435432434,Qwen2.5-3B-Instruct
Q001,QW_V3,0.5829522609710693,0.6043269634246826,0.593447208404541,Qwen2.5-3B-Instruct
Q002,QW_V1,0.6252926588058472,0.7088062167167664,0.6644355058670044,Qwen2.5-3B-Instruct
Q002,QW_V3,0.6444858312606812,0.6706258058547974,0.6572960615158081,Qwen2.5-3B-Instruct
Q003,QW_V1,0.5957044959068298,0.6787088513374329,0.6345036029815674,Qwen2.5-3B-Instruct
Q003,QW_V3,0.5430235266685486,0.6283931732177734,0.582597553730011,Qwen2.5-3B-Instruct
Q004,QW_V1,0.5674995183944702,0.5772372484207153,0.5723269581794739,Qwen2.5-3B-Instruct
Q004,QW_V3,0.587053120136261,0.5900692939758301,0.5885573625564575,Qwen2.5-3B-Instruct
Q005,QW_V1,0.5657315254211426,0.5904648900032043,0.5778337121009827,Qwen2.5-3B-Instruct
Q005,QW_V3,0.5189111232757568,0.5660653114318848,0.5414635539054871,Qwen2.5-3B-Instruct
Q006,QW_V1,0.6166231632232666,0.6838713884353638,0.648508608341217,Qwen2.5-3B-Instruct
Q006,QW_V3,0.5278944969177246,0.6010513305664062,0.5621025562286377,Qwen2.5-3B-Instruct
Q007,QW_V1,0.585608720779419,0.662994921207428,0.6219037175178528,Qwen2.5-3B-Instruct
Q007,QW_V3,0.5297378301620483,0.6360569000244141,0.5780492424964905,Qwen2.5-3B-Instruct
Q008,QW_V1,0.598586916923523,0.6486356258392334,0.6226071119308472,Qwen2.5-3B-Instruct
Q008,QW_V3,0.5927480459213257,0.6574088335037231,0.6234062314033508,Qwen2.5-3B-Instruct
Q009,QW_V1,0.5620118975639343,0.660444438457489,0.607265293598175,Qwen2.5-3B-Instruct
Q009,QW_V3,0.5211679935455322,0.5995937585830688,0.5576369166374207,Qwen2.5-3B-Instruct
Q010,QW_V1,0.5537406206130981,0.5876697897911072,0.5702009201049805,Qwen2.5-3B-Instruct
Q010,QW_V3,0.5389357805252075,0.5745291709899902,0.5561636090278625,Qwen2.5-3B-Instruct
Q011,QW_V1,0.5876930952072144,0.6719074249267578,0.6269850730895996,Qwen2.5-3B-Instruct
Q011,QW_V3,0.5954877138137817,0.6603140234947205,0.6262276768684387,Qwen2.5-3B-Instruct
Q012,QW_V1,0.5498342514038086,0.6118024587631226,0.579165518283844,Qwen2.5-3B-Instruct
Q012,QW_V3,0.5615586042404175,0.6030769348144531,0.581577718257904,Qwen2.5-3B-Instruct
Q013,QW_V1,0.6385091543197632,0.6037521362304688,0.6206443905830383,Qwen2.5-3B-Instruct
Q013,QW_V3,0.6038861274719238,0.6044738292694092,0.604179859161377,Qwen2.5-3B-Instruct
Q014,QW_V1,0.5905598402023315,0.6213719844818115,0.6055742502212524,Qwen2.5-3B-Instruct
Q014,QW_V3,0.6232838034629822,0.6705911159515381,0.6460725665092468,Qwen2.5-3B-Instruct
Q015,QW_V1,0.5325227379798889,0.5921323299407959,0.5607478022575378,Qwen2.5-3B-Instruct
Q015,QW_V3,0.531840443611145,0.6043338775634766,0.5657744407653809,Qwen2.5-3B-Instruct
Q016,QW_V1,0.5401859283447266,0.5913541316986084,0.5646131038665771,Qwen2.5-3B-Instruct
Q016,QW_V3,0.5835305452346802,0.6200147271156311,0.601219654083252,Qwen2.5-3B-Instruct
Q017,QW_V1,0.5547919273376465,0.6519830226898193,0.5994737148284912,Qwen2.5-3B-Instruct
Q017,QW_V3,0.5428913831710815,0.6495050191879272,0.5914319753646851,Qwen2.5-3B-Instruct
Q018,QW_V1,0.6555894613265991,0.726324200630188,0.6891465187072754,Qwen2.5-3B-Instruct
Q018,QW_V3,0.6812041997909546,0.728388249874115,0.704006552696228,Qwen2.5-3B-Instruct
Q019,QW_V1,0.5600306391716003,0.6088238954544067,0.5834088325500488,Qwen2.5-3B-Instruct
Q019,QW_V3,0.559053897857666,0.6386147737503052,0.5961917042732239,Qwen2.5-3B-Instruct
Q020,QW_V1,0.5896597504615784,0.6530452966690063,0.6197359561920166,Qwen2.5-3B-Instruct
Q020,QW_V3,0.5838302373886108,0.6267027258872986,0.604507327079773,Qwen2.5-3B-Instruct
Q021,QW_V1,0.5634250640869141,0.6530147194862366,0.6049208641052246,Qwen2.5-3B-Instruct
Q021,QW_V3,0.6156294941902161,0.6866909265518188,0.6492214202880859,Qwen2.5-3B-Instruct
Q022,QW_V1,0.6225343942642212,0.6586930751800537,0.6401035189628601,Qwen2.5-3B-Instruct
Q022,QW_V3,0.5767098665237427,0.6220109462738037,0.5985044240951538,Qwen2.5-3B-Instruct
Q023,QW_V1,0.6036046743392944,0.6755812168121338,0.6375679969787598,Qwen2.5-3B-Instruct
Q023,QW_V3,0.5298783779144287,0.654995322227478,0.5858309864997864,Qwen2.5-3B-Instruct
Q024,QW_V1,0.5712889432907104,0.6104836463928223,0.5902363657951355,Qwen2.5-3B-Instruct
Q024,QW_V3,0.5520988702774048,0.6139391660690308,0.581379234790802,Qwen2.5-3B-Instruct
Q025,QW_V1,0.5492734909057617,0.5979529023170471,0.5725804567337036,Qwen2.5-3B-Instruct
Q025,QW_V3,0.5568807721138,0.5408729910850525,0.548760175704956,Qwen2.5-3B-Instruct
Q026,QW_V1,0.5547153949737549,0.5634183883666992,0.5590330362319946,Qwen2.5-3B-Instruct
Q026,QW_V3,0.47243446111679077,0.5653486847877502,0.5147321820259094,Qwen2.5-3B-Instruct
Q027,QW_V1,0.534325122833252,0.5923221111297607,0.5618308782577515,Qwen2.5-3B-Instruct
Q027,QW_V3,0.5341116786003113,0.6161131262779236,0.5721893906593323,Qwen2.5-3B-Instruct
Q028,QW_V1,0.5796167850494385,0.6907504796981812,0.6303225755691528,Qwen2.5-3B-Instruct
Q028,QW_V3,0.4955202341079712,0.6066569089889526,0.5454854369163513,Qwen2.5-3B-Instruct
Q029,QW_V1,0.44879284501075745,0.5416010618209839,0.49084851145744324,Qwen2.5-3B-Instruct
Q029,QW_V3,0.47714346647262573,0.6342446804046631,0.5445904731750488,Qwen2.5-3B-Instruct
Q030,QW_V1,0.4964655041694641,0.5919917821884155,0.5400367975234985,Qwen2.5-3B-Instruct
Q030,QW_V3,0.5406981110572815,0.5846221446990967,0.5618029236793518,Qwen2.5-3B-Instruct
Q031,QW_V1,0.5447885990142822,0.6091446876525879,0.5751720666885376,Qwen2.5-3B-Instruct
Q031,QW_V3,0.5589119791984558,0.5834740400314331,0.5709289908409119,Qwen2.5-3B-Instruct
Q032,QW_V1,0.5599956512451172,0.5820059180259705,0.5707886815071106,Qwen2.5-3B-Instruct
Q032,QW_V3,0.5925254821777344,0.6120066046714783,0.6021084785461426,Qwen2.5-3B-Instruct
Q033,QW_V1,0.5631561279296875,0.6426844596862793,0.600297749042511,Qwen2.5-3B-Instruct
Q033,QW_V3,0.5656824111938477,0.652711033821106,0.6060885190963745,Qwen2.5-3B-Instruct
Q034,QW_V1,0.5695120692253113,0.6020815372467041,0.5853440761566162,Qwen2.5-3B-Instruct
Q034,QW_V3,0.5600622892379761,0.6405172348022461,0.5975939631462097,Qwen2.5-3B-Instruct
Q035,QW_V1,0.6099448800086975,0.6173281669616699,0.6136143803596497,Qwen2.5-3B-Instruct
Q035,QW_V3,0.6591453552246094,0.6565823554992676,0.6578613519668579,Qwen2.5-3B-Instruct
Q036,QW_V1,0.5727838277816772,0.6213468313217163,0.5960778594017029,Qwen2.5-3B-Instruct
Q036,QW_V3,0.576157808303833,0.6213638186454773,0.597907543182373,Qwen2.5-3B-Instruct
Q037,QW_V1,0.5746759176254272,0.5946431756019592,0.5844890475273132,Qwen2.5-3B-Instruct
Q037,QW_V3,0.5312024354934692,0.5747817754745483,0.5521335005760193,Qwen2.5-3B-Instruct
Q038,QW_V1,0.5188402533531189,0.5657483339309692,0.5412799119949341,Qwen2.5-3B-Instruct
Q038,QW_V3,0.539351224899292,0.5859136581420898,0.561669111251831,Qwen2.5-3B-Instruct
Q039,QW_V1,0.5335784554481506,0.6112889051437378,0.5697962641716003,Qwen2.5-3B-Instruct
Q039,QW_V3,0.5754345655441284,0.6050189733505249,0.5898560285568237,Qwen2.5-3B-Instruct
Q040,QW_V1,0.5905840396881104,0.6654038429260254,0.6257653832435608,Qwen2.5-3B-Instruct
Q040,QW_V3,0.6314898729324341,0.6419572234153748,0.636680543422699,Qwen2.5-3B-Instruct
Q041,QW_V1,0.6422955393791199,0.6683233380317688,0.6550509929656982,Qwen2.5-3B-Instruct
Q041,QW_V3,0.6652823686599731,0.6897567510604858,0.6772985458374023,Qwen2.5-3B-Instruct
Q042,QW_V1,0.5006222128868103,0.6355950236320496,0.5600917935371399,Qwen2.5-3B-Instruct
Q042,QW_V3,0.48962023854255676,0.5833523273468018,0.5323922038078308,Qwen2.5-3B-Instruct
Q043,QW_V1,0.5240182280540466,0.5935481786727905,0.5566202998161316,Qwen2.5-3B-Instruct
Q043,QW_V3,0.6352323293685913,0.6880335807800293,0.66057950258255,Qwen2.5-3B-Instruct
Q044,QW_V1,0.5218256711959839,0.576718807220459,0.5479007959365845,Qwen2.5-3B-Instruct
Q044,QW_V3,0.42256247997283936,0.565106987953186,0.48354843258857727,Qwen2.5-3B-Instruct
Q045,QW_V1,0.5679143071174622,0.6298105716705322,0.5972631573677063,Qwen2.5-3B-Instruct
Q045,QW_V3,0.6517559289932251,0.6660568714141846,0.6588287949562073,Qwen2.5-3B-Instruct
Q046,QW_V1,0.5917121171951294,0.6618182063102722,0.6248047947883606,Qwen2.5-3B-Instruct
Q046,QW_V3,0.5360695123672485,0.6304572820663452,0.5794447660446167,Qwen2.5-3B-Instruct
Q047,QW_V1,0.5512872338294983,0.6306664943695068,0.5883113741874695,Qwen2.5-3B-Instruct
Q047,QW_V3,0.5765825510025024,0.6351683139801025,0.6044591665267944,Qwen2.5-3B-Instruct
Q048,QW_V1,0.5199629068374634,0.6130548715591431,0.5626845359802246,Qwen2.5-3B-Instruct
Q048,QW_V3,0.5264285802841187,0.619938850402832,0.5693698525428772,Qwen2.5-3B-Instruct
Q049,QW_V1,0.5255175828933716,0.5820501446723938,0.552341103553772,Qwen2.5-3B-Instruct
Q049,QW_V3,0.5229461789131165,0.6108577847480774,0.5634937882423401,Qwen2.5-3B-Instruct
Q050,QW_V1,0.5319151878356934,0.623900294303894,0.574247419834137,Qwen2.5-3B-Instruct
Q050,QW_V3,0.5578380823135376,0.6064643263816833,0.5811358094215393,Qwen2.5-3B-Instruct
Q051,QW_V1,0.5574789047241211,0.6550474166870117,0.602337658405304,Qwen2.5-3B-Instruct
Q051,QW_V3,0.6168056726455688,0.6752787828445435,0.644719123840332,Qwen2.5-3B-Instruct
Q052,QW_V1,0.6590996384620667,0.7217345237731934,0.6889965534210205,Qwen2.5-3B-Instruct
Q052,QW_V3,0.5223933458328247,0.6677327156066895,0.586188554763794,Qwen2.5-3B-Instruct
Q053,QW_V1,0.559891939163208,0.6478217840194702,0.6006559133529663,Qwen2.5-3B-Instruct
Q053,QW_V3,0.5010397434234619,0.5864478349685669,0.5403899550437927,Qwen2.5-3B-Instruct
Q054,QW_V1,0.5199880599975586,0.5796835422515869,0.5482155084609985,Qwen2.5-3B-Instruct
Q054,QW_V3,0.5199880599975586,0.5796835422515869,0.5482155084609985,Qwen2.5-3B-Instruct
Q055,QW_V1,0.54344242811203,0.5672240257263184,0.5550786256790161,Qwen2.5-3B-Instruct
Q055,QW_V3,0.5693016052246094,0.5634357333183289,0.566353440284729,Qwen2.5-3B-Instruct
Q056,QW_V1,0.4789183735847473,0.5691435933113098,0.5201473236083984,Qwen2.5-3B-Instruct
Q056,QW_V3,0.46341028809547424,0.5791813135147095,0.5148681402206421,Qwen2.5-3B-Instruct
Q057,QW_V1,0.5197411775588989,0.6323337554931641,0.5705356001853943,Qwen2.5-3B-Instruct
Q057,QW_V3,0.5851247310638428,0.6600279808044434,0.6203234195709229,Qwen2.5-3B-Instruct
Q058,QW_V1,0.5847383141517639,0.6447386741638184,0.6132744550704956,Qwen2.5-3B-Instruct
Q058,QW_V3,0.5542098879814148,0.6496176719665527,0.5981330275535583,Qwen2.5-3B-Instruct
Q059,QW_V1,0.510411262512207,0.5738565921783447,0.5402776598930359,Qwen2.5-3B-Instruct
Q059,QW_V3,0.48896393179893494,0.5565900802612305,0.5205900073051453,Qwen2.5-3B-Instruct
Q060,QW_V1,0.6103820204734802,0.671823263168335,0.6396305561065674,Qwen2.5-3B-Instruct
Q060,QW_V3,0.5826042890548706,0.6533603668212891,0.6159570217132568,Qwen2.5-3B-Instruct
Q061,QW_V1,0.5672786235809326,0.6140251159667969,0.5897269248962402,Qwen2.5-3B-Instruct
Q061,QW_V3,0.5394795536994934,0.6143207550048828,0.5744729042053223,Qwen2.5-3B-Instruct
Q062,QW_V1,0.6250185370445251,0.6857541799545288,0.6539792418479919,Qwen2.5-3B-Instruct
Q062,QW_V3,0.5633183717727661,0.6614552736282349,0.6084551215171814,Qwen2.5-3B-Instruct
Q063,QW_V1,0.6169096231460571,0.6895147562026978,0.6511946320533752,Qwen2.5-3B-Instruct
Q063,QW_V3,0.6180264949798584,0.7109788656234741,0.6612520813941956,Qwen2.5-3B-Instruct
Q064,QW_V1,0.6122392416000366,0.690193772315979,0.648883581161499,Qwen2.5-3B-Instruct
Q064,QW_V3,0.6542873382568359,0.6651968955993652,0.6596969962120056,Qwen2.5-3B-Instruct
Q065,QW_V1,0.5522223711013794,0.5622004270553589,0.5571666955947876,Qwen2.5-3B-Instruct
Q065,QW_V3,0.5822734832763672,0.5935042500495911,0.5878352522850037,Qwen2.5-3B-Instruct
Q066,QW_V1,0.5446361303329468,0.5865957736968994,0.5648377537727356,Qwen2.5-3B-Instruct
Q066,QW_V3,0.5276516675949097,0.5667759776115417,0.5465145111083984,Qwen2.5-3B-Instruct
Q067,QW_V1,0.5936633348464966,0.6937178373336792,0.6398024559020996,Qwen2.5-3B-Instruct
Q067,QW_V3,0.5953587293624878,0.6827213168144226,0.6360542178153992,Qwen2.5-3B-Instruct
Q068,QW_V1,0.5624598264694214,0.6118078231811523,0.5860968828201294,Qwen2.5-3B-Instruct
Q068,QW_V3,0.5589995384216309,0.6129745244979858,0.5847440958023071,Qwen2.5-3B-Instruct
Q069,QW_V1,0.5343689918518066,0.5962212085723877,0.5636031627655029,Qwen2.5-3B-Instruct
Q069,QW_V3,0.5517834424972534,0.6255015134811401,0.5863344669342041,Qwen2.5-3B-Instruct
Q070,QW_V1,0.5981087684631348,0.7201355695724487,0.6534743309020996,Qwen2.5-3B-Instruct
Q070,QW_V3,0.6108447909355164,0.7167993187904358,0.6595941185951233,Qwen2.5-3B-Instruct
Q071,QW_V1,0.5002800226211548,0.6237650513648987,0.5552396178245544,Qwen2.5-3B-Instruct
Q071,QW_V3,0.6351290941238403,0.7080471515655518,0.6696088314056396,Qwen2.5-3B-Instruct
Q072,QW_V1,0.6337916254997253,0.6776503324508667,0.654987633228302,Qwen2.5-3B-Instruct
Q072,QW_V3,0.5869213342666626,0.6252367496490479,0.6054734587669373,Qwen2.5-3B-Instruct
Q073,QW_V1,0.5526880025863647,0.6633733510971069,0.602993369102478,Qwen2.5-3B-Instruct
Q073,QW_V3,0.6249920129776001,0.7020902037620544,0.6613016128540039,Qwen2.5-3B-Instruct
Q074,QW_V1,0.438748836517334,0.5309975147247314,0.4804855287075043,Qwen2.5-3B-Instruct
Q074,QW_V3,0.5687429904937744,0.5937966108322144,0.5809998512268066,Qwen2.5-3B-Instruct
Q075,QW_V1,0.5717141032218933,0.6370384693145752,0.6026110649108887,Qwen2.5-3B-Instruct
Q075,QW_V3,0.5512709617614746,0.6358707547187805,0.5905564427375793,Qwen2.5-3B-Instruct
Q076,QW_V1,0.572491466999054,0.623293399810791,0.5968133211135864,Qwen2.5-3B-Instruct
Q076,QW_V3,0.5528900623321533,0.5840108394622803,0.5680245161056519,Qwen2.5-3B-Instruct
Q077,QW_V1,0.6650205254554749,0.720658540725708,0.691722571849823,Qwen2.5-3B-Instruct
Q077,QW_V3,0.5988770127296448,0.7162429094314575,0.6523228883743286,Qwen2.5-3B-Instruct
Q078,QW_V1,0.5095435380935669,0.5767929553985596,0.5410866737365723,Qwen2.5-3B-Instruct
Q078,QW_V3,0.5841679573059082,0.6430795192718506,0.6122097373008728,Qwen2.5-3B-Instruct
Q079,QW_V1,0.5836334228515625,0.6519089937210083,0.6158847808837891,Qwen2.5-3B-Instruct
Q079,QW_V3,0.6366280317306519,0.6473496556282043,0.6419440507888794,Qwen2.5-3B-Instruct
Q080,QW_V1,0.5942522883415222,0.662580132484436,0.6265588998794556,Qwen2.5-3B-Instruct
Q080,QW_V3,0.5879436731338501,0.6640282869338989,0.6236740946769714,Qwen2.5-3B-Instruct
Q081,QW_V1,0.6200926303863525,0.723207950592041,0.6676926016807556,Qwen2.5-3B-Instruct
Q081,QW_V3,0.5785783529281616,0.6967653036117554,0.6321955919265747,Qwen2.5-3B-Instruct
Q082,QW_V1,0.5492895841598511,0.6390666961669922,0.5907869338989258,Qwen2.5-3B-Instruct
Q082,QW_V3,0.5914090275764465,0.6419137120246887,0.6156272888183594,Qwen2.5-3B-Instruct
Q083,QW_V1,0.6160470247268677,0.6545034646987915,0.6346932649612427,Qwen2.5-3B-Instruct
Q083,QW_V3,0.5771031379699707,0.6349953413009644,0.6046667098999023,Qwen2.5-3B-Instruct
Q084,QW_V1,0.5367119312286377,0.6135537624359131,0.5725662112236023,Qwen2.5-3B-Instruct
Q084,QW_V3,0.5501182079315186,0.6269041895866394,0.5860065221786499,Qwen2.5-3B-Instruct
Q085,QW_V1,0.6176491975784302,0.635141134262085,0.6262730360031128,Qwen2.5-3B-Instruct
Q085,QW_V3,0.6096581220626831,0.6758383512496948,0.6410446763038635,Qwen2.5-3B-Instruct
Q086,QW_V1,0.5405172109603882,0.6193529367446899,0.5772558450698853,Qwen2.5-3B-Instruct
Q086,QW_V3,0.5226618051528931,0.6177505254745483,0.5662418603897095,Qwen2.5-3B-Instruct
Q087,QW_V1,0.5432188510894775,0.6538691520690918,0.5934301614761353,Qwen2.5-3B-Instruct
Q087,QW_V3,0.5269187688827515,0.6235297918319702,0.5711677670478821,Qwen2.5-3B-Instruct
Q088,QW_V1,0.5609632730484009,0.6244486570358276,0.5910059809684753,Qwen2.5-3B-Instruct
Q088,QW_V3,0.507914662361145,0.6045067310333252,0.5520171523094177,Qwen2.5-3B-Instruct
Q089,QW_V1,0.5896767973899841,0.6303451061248779,0.6093330979347229,Qwen2.5-3B-Instruct
Q089,QW_V3,0.5987173318862915,0.6425586938858032,0.6198638081550598,Qwen2.5-3B-Instruct
Q090,QW_V1,0.5686043500900269,0.6290332078933716,0.597294270992279,Qwen2.5-3B-Instruct
Q090,QW_V3,0.5199901461601257,0.5683313608169556,0.5430871844291687,Qwen2.5-3B-Instruct
Q091,QW_V1,0.6016925573348999,0.589908242225647,0.5957421064376831,Qwen2.5-3B-Instruct
Q091,QW_V3,0.6102455854415894,0.5615417957305908,0.5848815441131592,Qwen2.5-3B-Instruct
Q092,QW_V1,0.6304929256439209,0.6899973154067993,0.6589044332504272,Qwen2.5-3B-Instruct
Q092,QW_V3,0.6436919569969177,0.6546550393104553,0.6491272449493408,Qwen2.5-3B-Instruct
Q093,QW_V1,0.5862237811088562,0.598832905292511,0.5924612283706665,Qwen2.5-3B-Instruct
Q093,QW_V3,0.5638390779495239,0.6141681671142578,0.5879285335540771,Qwen2.5-3B-Instruct
Q094,QW_V1,0.5050814151763916,0.5977831482887268,0.5475362539291382,Qwen2.5-3B-Instruct
Q094,QW_V3,0.467866986989975,0.5282330513000488,0.49622082710266113,Qwen2.5-3B-Instruct
Q095,QW_V1,0.5911290049552917,0.6324257850646973,0.6110804677009583,Qwen2.5-3B-Instruct
Q095,QW_V3,0.6089682579040527,0.6464387774467468,0.6271442770957947,Qwen2.5-3B-Instruct
Q096,QW_V1,0.6038665175437927,0.6511209011077881,0.6266040205955505,Qwen2.5-3B-Instruct
Q096,QW_V3,0.5919721126556396,0.6554487943649292,0.6220954060554504,Qwen2.5-3B-Instruct
Q097,QW_V1,0.48935630917549133,0.6322938203811646,0.5517174601554871,Qwen2.5-3B-Instruct
Q097,QW_V3,0.5706944465637207,0.6374616622924805,0.6022331118583679,Qwen2.5-3B-Instruct
Q098,QW_V1,0.5470770001411438,0.6148281693458557,0.5789772868156433,Qwen2.5-3B-Instruct
Q098,QW_V3,0.5341295003890991,0.6141818761825562,0.5713653564453125,Qwen2.5-3B-Instruct
Q099,QW_V1,0.5744928121566772,0.5926662683486938,0.5834380388259888,Qwen2.5-3B-Instruct
Q099,QW_V3,0.5892870426177979,0.6091740131378174,0.5990655422210693,Qwen2.5-3B-Instruct
Q100,QW_V1,0.5600020885467529,0.6191582679748535,0.5880963206291199,Qwen2.5-3B-Instruct
Q100,QW_V3,0.5369671583175659,0.6112179756164551,0.5716917514801025,Qwen2.5-3B-Instruct
